start time,end time,job ID,task index,machine ID,CPU rate,canonical memory usage,assigned memory usage,unmapped page cache,total page cache,maximum memory usage,disk I/O time,local disk space usage,maximum CPU rate,maximum disk IO time,cycles per instruction,memory accesses per instruction,sample portion,aggregation type,sampled CPU usage
249993000000.0,250018000000.0,6280685099.0,45.0,672222.0,0.004028,0.0009165,0.005821,0.0005159,0.0007849,0.003242,0.01852,0.0,0.04382,0.06213,,,0.0,0.0,0.003555
250018000000.0,250048000000.0,6280685099.0,45.0,672222.0,0.0003481000000000001,0.0,0.0,0.0,0.0,0.0,0.001678,2.861e-06,0.01044,0.02856,1.5419999999999998,0.00173,0.0,0.0,0.0
250048000000.0,250049000000.0,6280685099.0,45.0,672222.0,0.0,0.0,0.0,0.0,0.0,0.0,0.0,2.861e-06,0.0,0.0,1.5419999999999998,0.00173,0.0,0.0,0.0
250066000000.0,250070000000.0,6280685099.0,45.0,6648753.0,0.0162,0.000371,0.005714,0.000351,0.000351,0.0005912999999999999,0.007843000000000001,0.0,0.05981,0.01999,,,0.0,0.0,0.001839
250070000000.0,250083000000.0,6280685099.0,45.0,6648753.0,0.0009108,0.0,0.0,0.0,0.0,0.0,0.005714,2.861e-06,0.01184,0.025730000000000003,,,0.0,0.0,0.0
250083000000.0,250084000000.0,6280685099.0,45.0,6648753.0,0.0,0.0,0.0,0.0,0.0,0.0,0.0,2.861e-06,0.0,0.0,,,0.0,0.0,0.0
250104000000.0,250140000000.0,6280685099.0,45.0,3366934122.0,0.0,0.0,0.0,0.0,0.0,0.0,0.0,0.0,0.0,,,,0.0,0.0,0.0
250140000000.0,250142000000.0,6280685099.0,45.0,3366934122.0,0.01263,0.0004396,0.005699,0.0001307,0.0001307,0.0004396,0.008209000000000001,0.0,0.05103,0.00914,,,0.0,0.0,0.05103
250142000000.0,250158000000.0,6280685099.0,45.0,3366934122.0,0.00288,0.0,0.0,0.0,0.0,0.0,0.005539,2.861e-06,0.04608,0.01999,1.26,0.0007574,0.0,0.0,0.0
250158000000.0,250159000000.0,6280685099.0,45.0,3366934122.0,0.0,0.0,0.0,0.0,0.0,0.0,0.0,2.861e-06,0.0,0.0,1.26,0.0007574,0.0,0.0,0.0
250179000000.0,250181000000.0,6280685099.0,45.0,3366934122.0,0.01222,0.0004539,0.005790999999999999,0.0001001,0.0001097,0.0004539,0.003967,0.0,0.03937,0.0075,,,0.0,0.0,0.03937
250181000000.0,250198000000.0,6280685099.0,45.0,3366934122.0,0.002686,0.0,0.0,0.0,0.0,0.0,0.003468,3.815e-06,0.04565,0.008636,,,0.0,0.0,0.0
250198000000.0,250199000000.0,6280685099.0,45.0,3366934122.0,0.0,0.0,0.0,0.0,0.0,0.0,0.0,3.815e-06,0.0,0.0,,,0.0,0.0,0.0
250199000000.0,250200000000.0,6280685099.0,45.0,3366934122.0,0.0,0.0,0.0,0.0,0.0,0.0,0.0,3.815e-06,0.0,,,,0.0,0.0,0.0
250215000000.0,250229000000.0,6280685099.0,45.0,6564557.0,0.004532,0.0009241,0.005623,0.0005636,0.0007763,0.001905,0.02408,0.0,0.03656,0.05945,,,0.0,0.0,0.002522
250229000000.0,250247000000.0,6280685099.0,45.0,6564557.0,0.001898,0.0,0.0,0.0,0.0,0.0,0.004181,3.815e-06,0.03418,0.025730000000000003,,,0.0,0.0,0.0
250247000000.0,250248000000.0,6280685099.0,45.0,6564557.0,0.0,0.0,0.0,0.0,0.0,0.0,0.0,3.815e-06,0.0,0.0,,,0.0,0.0,0.0
250266000000.0,250294000000.0,6280685099.0,45.0,4304726804.0,0.00293,0.002121,0.005638000000000001,0.0006504,0.001045,0.003544,0.005142,9.537e-07,0.07031,0.01535,,,0.0,0.0,0.0
250294000000.0,250312000000.0,6280685099.0,45.0,4304726804.0,8.202e-05,0.0,0.0,0.0,0.0,0.0,0.0,2.861e-06,0.001478,0.0,,,0.0,0.0,0.0
250312000000.0,250313000000.0,6280685099.0,45.0,4304726804.0,0.0,0.0,0.0,0.0,0.0,0.0,0.0,2.861e-06,0.0,0.0,,,0.0,0.0,0.0
250329000000.0,250355000000.0,6280685099.0,45.0,2856718145.0,0.003643,0.001749,0.005554,0.0007467000000000001,0.00119,0.003635,0.016630000000000002,0.0,0.02625,0.03122,1.47,0.001844,0.0,0.0,0.0002766
250355000000.0,250374000000.0,6280685099.0,45.0,2856718145.0,0.0004339,0.0,0.0,0.0,0.0,0.0,0.002373,2.861e-06,0.008255,0.01721,1.47,0.001844,0.0,0.0,0.0
250374000000.0,250375000000.0,6280685099.0,45.0,2856718145.0,0.0,0.0,0.0,0.0,0.0,0.0,0.0,2.861e-06,0.0,0.0,1.47,0.001844,0.0,0.0,0.0
250392000000.0,250414000000.0,6280685099.0,45.0,2856718145.0,0.004295,0.001791,0.005547,0.0008535,0.001265,0.003792,0.02029,0.0,0.02194,0.04895,1.421,0.002415,0.0,0.0,8.869e-05
250414000000.0,250430000000.0,6280685099.0,45.0,2856718145.0,0.0006065,0.0,0.0,0.0,0.0,0.0,0.002968,2.861e-06,0.009705,0.01999,1.421,0.002415,0.0,0.0,0.0
250430000000.0,250431000000.0,6280685099.0,45.0,2856718145.0,0.0,0.0,0.0,0.0,0.0,0.0,7.153e-05,2.861e-06,0.0,7.153e-05,1.421,0.002415,0.0,0.0,0.0
250449000000.0,250455000000.0,6280685099.0,45.0,227456201.0,0.01324,0.00136,0.005814,0.000598,0.0008192,0.002125,0.02475,9.537e-07,0.05139,0.05005,,,0.0,0.0,0.001539
250455000000.0,250490000000.0,6280685099.0,45.0,227456201.0,0.00017830000000000002,0.0,0.0,0.0,0.0,0.0,0.0006161000000000001,2.861e-06,0.006256,0.01215,,,0.0,0.0,0.0
250490000000.0,250491000000.0,6280685099.0,45.0,227456201.0,0.0,0.0,0.0,0.0,0.0,0.0,0.0,2.861e-06,0.0,0.0,,,0.0,0.0,0.0
250491000000.0,250500000000.0,6280685099.0,45.0,227456201.0,0.0,0.0,0.0,0.0,0.0,0.0,0.0,2.861e-06,0.0,,,,0.0,0.0,0.0
250512000000.0,250524000000.0,6280685099.0,45.0,682375.0,0.006737000000000001,0.001131,0.005783,0.0005769999999999999,0.0008726000000000001,0.001995,0.03772,0.0,0.03058,0.08313,,,0.0,0.0,0.018009999999999998
250524000000.0,250543000000.0,6280685099.0,45.0,682375.0,0.0009108,0.000186,0.0,0.00017830000000000002,0.00017830000000000002,0.00354,0.002762,2.861e-06,0.0173,0.03436,1.519,0.0012369999999999998,0.0,0.0,0.0
250543000000.0,250544000000.0,6280685099.0,45.0,682375.0,0.0,0.0,0.0,0.0,0.0,0.0,0.0,2.861e-06,0.0,0.0,1.519,0.0012369999999999998,0.0,0.0,0.0
250564000000.0,250577000000.0,6280685099.0,45.0,682375.0,0.006371,0.001114,0.005653,0.0005941,0.0008916999999999998,0.002254,0.03607,0.0,0.04956,0.08044,,,0.0,0.0,0.004562
250577000000.0,250608000000.0,6280685099.0,45.0,682375.0,0.0003633,0.0,0.0,0.0,0.0,0.0,0.001871,2.861e-06,0.01126,0.03937,,,0.0,0.0,0.0
250608000000.0,250609000000.0,6280685099.0,45.0,682375.0,0.0,0.0,0.0,0.0,0.0,0.0,0.0,2.861e-06,0.0,0.0,,,0.0,0.0,0.0
250626000000.0,250636000000.0,6280685099.0,45.0,4489088773.0,0.008011,0.0009441,0.005821,0.0004425,0.0005827000000000001,0.002148,0.01617,0.0,0.02814,0.03162,,,0.0,0.0,0.003609
250636000000.0,250665000000.0,6280685099.0,45.0,4489088773.0,0.0002718,0.0,0.0,0.0,0.0,0.0,0.002266,2.861e-06,0.007889,0.01715,,,0.0,0.0,0.0
250665000000.0,250666000000.0,6280685099.0,45.0,4489088773.0,0.0,0.0,0.0,0.0,0.0,0.0,0.0,2.861e-06,0.0,0.0,,,0.0,0.0,0.0
250682000000.0,250702000000.0,6280685099.0,45.0,4489088773.0,0.00457,0.001579,0.005806,0.0008163000000000001,0.001207,0.003681,0.02472,0.0,0.06006,0.0481,,,0.0,0.0,0.002228
250702000000.0,250716000000.0,6280685099.0,45.0,4489088773.0,0.0004034,0.0,0.0,0.0,0.0,0.0,0.00473,2.861e-06,0.005646,0.01428,,,0.0,0.0,0.0
250716000000.0,250717000000.0,6280685099.0,45.0,4489088773.0,0.0,0.0,0.0,0.0,0.0,0.0,0.0,2.861e-06,0.0,0.0,,,0.0,0.0,0.0
250734000000.0,250751000000.0,6280685099.0,45.0,7712392.0,0.005669,0.001274,0.005737,0.0005989,0.0008993,0.00272,0.02591,0.0,0.02313,0.0614,,,0.0,0.0,0.002708
250751000000.0,250768000000.0,6280685099.0,45.0,7712392.0,0.0005617,0.0002146,0.0,0.0002012,0.0002012,0.003643,0.003246,2.861e-06,0.009552,0.01436,,,0.0,0.0,0.0
250768000000.0,250769000000.0,6280685099.0,45.0,7712392.0,0.0,0.0,0.0,0.0,0.0,0.0,0.0,2.861e-06,0.0,0.0,,,0.0,0.0,0.0
250786000000.0,250800000000.0,6280685099.0,45.0,7712392.0,0.001245,0.0006971,0.00576,0.0003424,0.0004692,0.001225,0.01782,0.0,0.003677,0.03049,0.7458,0.0003822,0.0,0.0,5.054e-05
250800000000.0,250815000000.0,6280685099.0,45.0,7712392.0,0.0051270000000000005,0.002136,0.00576,0.0009623,0.001539,0.003536,0.0135,0.0,0.05328,0.02585,0.7458,0.0003822,0.0,0.0,0.001326
250815000000.0,250832000000.0,6280685099.0,45.0,7712392.0,0.0004148,0.00020980000000000006,0.0,0.0001993,0.0001993,0.003571,0.003578,2.861e-06,0.007042000000000001,0.01151,0.7458,0.0003822,0.0,0.0,0.0
250832000000.0,250833000000.0,6280685099.0,45.0,7712392.0,0.0,0.0,0.0,0.0,0.0,0.0,0.0,2.861e-06,0.0,0.0,0.7458,0.0003822,0.0,0.0,0.0
250852000000.0,250859000000.0,6280685099.0,45.0,1272595.0,0.008362,0.001013,0.005821,0.0006132,0.0008755000000000001,0.001806,0.04181,0.0,0.03137,0.07776,,,0.0,0.0,0.006476999999999999
250859000000.0,250876000000.0,6280685099.0,45.0,1272595.0,0.001585,0.0,0.0,0.0,0.0,0.0,0.002781,2.861e-06,0.02695,0.0343,,,0.0,0.0,0.0
250876000000.0,250878000000.0,6280685099.0,45.0,1272595.0,0.0,0.0,0.0,0.0,0.0,0.0,0.0,2.861e-06,0.0,0.0,,,0.0,0.0,0.0
250893000000.0,250903000000.0,6280685099.0,45.0,4304169535.0,0.007797,0.001217,0.005684000000000001,0.0005912999999999999,0.0009327,0.002823,0.03104,0.0,0.05048,0.05188,,,0.0,0.0,0.005669
250903000000.0,250930000000.0,6280685099.0,45.0,4304169535.0,0.000267,0.0,0.0,0.0,0.0,0.0,0.0003786,2.861e-06,0.007217,0.01007,,,0.0,0.0,0.0
250930000000.0,250931000000.0,6280685099.0,45.0,4304169535.0,0.0,0.0,0.0,0.0,0.0,0.0,0.0,2.861e-06,0.0,0.0,,,0.0,0.0,0.0
250948000000.0,250958000000.0,6280685099.0,45.0,4304169535.0,0.008286,0.001339,0.005821,0.0007095,0.00111,0.0025440000000000003,0.03079,0.0,0.03073,0.049260000000000005,,,0.0,0.0,0.007179000000000001
250958000000.0,250972000000.0,6280685099.0,45.0,4304169535.0,0.000556,0.0,0.0,0.0,0.0,0.0,0.001526,2.861e-06,0.007790000000000002,0.01428,,,0.0,0.0,0.0
250972000000.0,250973000000.0,6280685099.0,45.0,4304169535.0,0.0,0.0,0.0,0.0,0.0,0.0,0.0,2.861e-06,0.0,0.0,,,0.0,0.0,0.0
250992000000.0,251005000000.0,6280685099.0,45.0,1323319.0,0.007767,0.00173,0.005722,0.000947,0.001324,0.0034560000000000003,0.03601,0.0,0.0257,0.06116,1.358,0.002223,0.0,0.0,0.0101
251005000000.0,251018000000.0,6280685099.0,45.0,1323319.0,0.0007591,0.0,0.0,0.0,0.0,0.0,0.003273,2.861e-06,0.009872,0.03085,1.358,0.002223,0.0,0.0,0.0
251018000000.0,251019000000.0,6280685099.0,45.0,1323319.0,0.0,0.0,0.0,0.0,0.0,0.0,0.0,2.861e-06,0.0,0.0,1.358,0.002223,0.0,0.0,0.0
251036000000.0,251044000000.0,6280685099.0,45.0,6641069.0,0.01108,0.001194,0.005768,0.0007687,0.0009842,0.00209,0.04358,9.537e-07,0.04413,0.06836,1.177,0.001582,0.0,0.0,0.01556
251044000000.0,251055000000.0,6280685099.0,45.0,6641069.0,0.0004921,0.0,0.0,0.0,0.0,0.0,0.00309,2.861e-06,0.005409000000000001,0.02509,1.177,0.001582,0.0,0.0,0.0
251055000000.0,251056000000.0,6280685099.0,45.0,6641069.0,0.0,0.0,0.0,0.0,0.0,0.0,0.0,2.861e-06,0.0,0.0,1.177,0.001582,0.0,0.0,0.0
251070000000.0,251089000000.0,6280685099.0,45.0,1340762.0,0.005226,0.001423,0.005821,0.0006666,0.0010279999999999998,0.003368,0.02899,0.0,0.02554,0.04974,,,0.0,0.0,0.00169
251089000000.0,251100000000.0,6280685099.0,45.0,1340762.0,0.0009613,0.0,0.0,0.0,0.0,0.0,0.0033450000000000003,2.861e-06,0.01057,0.02441,,,0.0,0.0,0.0
251100000000.0,251106000000.0,6280685099.0,45.0,1340762.0,0.0,0.0,0.0,0.0,0.0,0.0,0.0,2.861e-06,0.0,0.0,,,0.0,0.0,0.0
251106000000.0,251107000000.0,6280685099.0,45.0,1340762.0,0.0,0.0,0.0,0.0,0.0,0.0,0.0,2.861e-06,0.0,0.0,,,0.0,0.0,0.0
251123000000.0,251129000000.0,6280685099.0,45.0,1340762.0,0.01369,0.001427,0.005821,0.0006198999999999999,0.0008535,0.00227,0.02371,9.537e-07,0.06097,0.04315,,,0.0,0.0,0.0047
251129000000.0,251141000000.0,6280685099.0,45.0,1340762.0,0.0005655,0.0,0.0,0.0,0.0,0.0,0.002659,2.861e-06,0.006790000000000001,0.02594,,,0.0,0.0,0.0
251141000000.0,251142000000.0,6280685099.0,45.0,1340762.0,0.0,0.0,0.0,0.0,0.0,0.0,0.0,2.861e-06,0.0,0.0,,,0.0,0.0,0.0
251159000000.0,251167000000.0,6280685099.0,45.0,3992117001.0,0.01091,0.001537,0.005753,0.0009098,0.001175,0.003078,0.04138,9.537e-07,0.03406,0.07397000000000001,,,0.0,0.0,0.03122
251167000000.0,251187000000.0,6280685099.0,45.0,3992117001.0,0.000165,0.0,0.0,0.0,0.0,0.0,0.0007038,2.861e-06,0.0033,0.00885,,,0.0,0.0,0.0
251187000000.0,251188000000.0,6280685099.0,45.0,3992117001.0,0.0,0.0,0.0,0.0,0.0,0.0,0.0,2.861e-06,0.0,0.0,,,0.0,0.0,0.0
251203000000.0,251220000000.0,6280685099.0,45.0,4802910981.0,0.006027,0.001465,0.005768,0.0006256,0.0009937,0.003494,0.02222,0.0,0.05328,0.05396,1.878,,0.0,0.0,0.006058
251220000000.0,251237000000.0,6280685099.0,45.0,4802910981.0,0.0004759,0.0,0.0,0.0,0.0,0.0,0.0008106,3.815e-06,0.004044,0.006821,1.878,,0.0,0.0,0.0
251237000000.0,251238000000.0,6280685099.0,45.0,4802910981.0,0.0,0.0,0.0,0.0,0.0,0.0,0.0,3.815e-06,0.0,0.0,1.878,,0.0,0.0,0.0
251255000000.0,251272000000.0,6280685099.0,45.0,317486724.0,0.005797999999999999,0.001324,0.005821,0.0007543999999999999,0.001041,0.003242,0.02869,0.0,0.034910000000000004,0.06,,,0.0,0.0,0.01144
251272000000.0,251299000000.0,6280685099.0,45.0,317486724.0,0.0002594,0.00012869999999999998,0.0,0.0001249,0.0001249,0.003487,0.000802,2.861e-06,0.007019,0.01151,,,0.0,0.0,0.0
251299000000.0,251300000000.0,6280685099.0,45.0,317486724.0,0.0,0.0,0.0,0.0,0.0,0.0,0.0,2.861e-06,0.0,0.0,,,0.0,0.0,0.0
251317000000.0,251332000000.0,6280685099.0,45.0,4802910981.0,0.007996,0.001509,0.005806,0.0007029,0.001118,0.003532,0.02628,0.0,0.06061,0.05414,,,0.0,0.0,0.002613
251332000000.0,251353000000.0,6280685099.0,45.0,4802910981.0,0.001255,0.0001688,0.0,0.0001612,0.0001612,0.003544,0.0004215,2.861e-06,0.02637,0.005997,13.71,,0.0,0.0,0.0
251353000000.0,251354000000.0,6280685099.0,45.0,4802910981.0,0.0,0.0,0.0,0.0,0.0,0.0,0.0,3.815e-06,0.0,0.0,13.71,,0.0,0.0,0.0
251369000000.0,251384000000.0,6280685099.0,45.0,4802910981.0,0.008499,0.001596,0.005806,0.0007534,0.001184,0.003464,0.02585,0.0,0.06183,0.05609,,,0.0,0.0,0.004684000000000001
251384000000.0,251400000000.0,6280685099.0,45.0,4802910981.0,0.001438,0.0002232,0.0,0.0002127,0.0002127,0.003574000000000001,0.000411,2.861e-06,0.02301,0.006431999999999999,,,0.0,0.0,0.0
251400000000.0,251403000000.0,6280685099.0,45.0,4802910981.0,0.0,0.0,0.0,0.0,0.0,0.0,0.0,3.815e-06,0.0,0.0,,,0.0,0.0,0.0
251403000000.0,251404000000.0,6280685099.0,45.0,4802910981.0,0.0,0.0,0.0,0.0,0.0,0.0,0.0,3.815e-06,0.0,0.0,,,0.0,0.0,0.0
251421000000.0,251439000000.0,6280685099.0,45.0,4802910981.0,0.006271,0.001312,0.005814,0.0007057000000000001,0.0009842,0.003334,0.02408,0.0,0.03503,0.04712,,,0.0,0.0,0.008591
251439000000.0,251454000000.0,6280685099.0,45.0,4802910981.0,0.0007381,0.00023650000000000006,0.0,0.000226,0.000226,0.003555,0.0005283,2.861e-06,0.01108,0.007645,,,0.0,0.0,0.0
251454000000.0,251455000000.0,6280685099.0,45.0,4802910981.0,0.0,0.0,0.0,0.0,0.0,0.0,0.0,3.815e-06,0.0,0.0,,,0.0,0.0,0.0
251471000000.0,251485000000.0,6280685099.0,45.0,1303890.0,0.0063170000000000006,0.0016649999999999998,0.005340999999999999,0.0006676,0.001051,0.003429,0.03851,0.0,0.03723,0.04999,,,0.0,0.0,0.00425
251485000000.0,251498000000.0,6280685099.0,45.0,1303890.0,0.0007925,0.0,0.0,0.0,0.0,0.0,0.002796,2.861e-06,0.0103,0.01721,,,0.0,0.0,0.0
251498000000.0,251499000000.0,6280685099.0,45.0,1303890.0,0.0,0.0,0.0,0.0,0.0,0.0,0.0,2.861e-06,0.0,0.0,,,0.0,0.0,0.0
251516000000.0,251531000000.0,6280685099.0,45.0,2507381619.0,0.006393,0.001715,0.005623,0.0008658999999999999,0.001244,0.0035670000000000007,0.03564,0.0,0.04205,0.057129999999999986,,,0.0,0.0,0.002995
251531000000.0,251554000000.0,6280685099.0,45.0,2507381619.0,0.000308,0.0,0.0,0.0,0.0,0.0,0.0011220000000000002,2.861e-06,0.00708,0.01721,,,0.0,0.0,0.0
251554000000.0,251555000000.0,6280685099.0,45.0,2507381619.0,0.0,0.0,0.0,0.0,0.0,0.0,0.0,2.861e-06,0.0,0.0,,,0.0,0.0,0.0
251571000000.0,251596000000.0,6280685099.0,45.0,854238686.0,0.003815,0.001825,0.005676,0.0009117,0.001398,0.003677,0.02109,9.537e-07,0.05164,0.04285,1.136,0.001804,0.0,0.0,0.00028510000000000005
251596000000.0,251612000000.0,6280685099.0,45.0,854238686.0,0.0003328,0.0,0.0,0.0,0.0,0.0,0.003944,2.861e-06,0.005325,0.01428,1.136,0.001804,0.0,0.0,0.0
251612000000.0,251613000000.0,6280685099.0,45.0,854238686.0,0.0,0.0,0.0,0.0,0.0,0.0,0.0,2.861e-06,0.0,0.0,1.136,0.001804,0.0,0.0,0.0
251630000000.0,251633000000.0,6280685099.0,45.0,4587218447.0,0.01532,0.0003662,0.005814,0.0003805,0.0003843,0.0005502999999999999,0.01651,0.0,0.04523,0.02585,,,0.0,0.0,0.04523
251633000000.0,251649000000.0,6280685099.0,45.0,4587218447.0,0.001842,0.0,0.0,0.0,0.0,0.0,0.004364,2.861e-06,0.029480000000000006,0.027010000000000003,,,0.0,0.0,0.0
251649000000.0,251650000000.0,6280685099.0,45.0,4587218447.0,0.0,0.0,0.0,0.0,0.0,0.0,0.0,2.861e-06,0.0,0.0,,,0.0,0.0,0.0
251668000000.0,251683000000.0,6280685099.0,45.0,1343767.0,0.006744,0.00176,0.005821,0.0009241,0.001343,0.003635,0.02927,0.0,0.04736,0.04999,0.907,0.00105,0.0,0.0,0.00618
251683000000.0,251700000000.0,6280685099.0,45.0,1343767.0,0.0003891,0.0,0.0,0.0,0.0,0.0,0.002762,2.861e-06,0.006606999999999999,0.01715,0.907,0.00105,0.0,0.0,0.0
251700000000.0,251701000000.0,6280685099.0,45.0,1343767.0,0.0,0.0,0.0,0.0,0.0,0.0,0.0,2.861e-06,0.0,0.0,0.907,0.00105,0.0,0.0,0.0
251701000000.0,251702000000.0,6280685099.0,45.0,1343767.0,0.0,0.0,0.0,0.0,0.0,0.0,0.0,2.861e-06,0.0,0.0,0.907,0.00105,0.0,0.0,0.0
251719000000.0,251729000000.0,6280685099.0,45.0,662368.0,0.009018,0.0015140000000000002,0.005806,0.0007019,0.00111,0.0033840000000000003,0.04224,0.0,0.03986,0.06982000000000001,,,0.0,0.0,0.008606
251729000000.0,251746000000.0,6280685099.0,45.0,662368.0,0.0005035,0.0002069,0.0,0.0001993,0.0001993,0.003513,0.00189,2.861e-06,0.00856,0.02008,,,0.0,0.0,0.0
251746000000.0,251747000000.0,6280685099.0,45.0,662368.0,0.0,0.0,0.0,0.0,0.0,0.0,0.0,2.861e-06,0.0,0.0,,,0.0,0.0,0.0
251762000000.0,251765000000.0,6280685099.0,45.0,2596544968.0,0.02707,0.0005684,0.005814,0.000452,0.000452,0.0007343,0.01186,9.537e-07,0.06262000000000001,0.02686,,,0.0,0.0,0.05389
251765000000.0,251778000000.0,6280685099.0,45.0,2596544968.0,0.0008125,0.0,0.0,0.0,0.0,0.0,0.003464,2.861e-06,0.01056,0.03174,,,0.0,0.0,0.0
251778000000.0,251780000000.0,6280685099.0,45.0,2596544968.0,0.0,0.0,0.0,0.0,0.0,0.0,0.0,2.861e-06,0.0,0.0,,,0.0,0.0,0.0
251796000000.0,251798000000.0,6280685099.0,45.0,2596544968.0,0.01541,0.0003796,0.005806,5.722e-06,5.722e-06,0.0003796,0.005287,0.0,0.05383,0.007431,,,0.0,0.0,0.05383
251798000000.0,251812000000.0,6280685099.0,45.0,2596544968.0,0.004013,0.0,0.0,0.0,0.0,0.0,0.005226,2.861e-06,0.05621,0.01721,1.972,8.161e-05,0.0,0.0,0.0
251812000000.0,251813000000.0,6280685099.0,45.0,2596544968.0,0.0,0.0,0.0,0.0,0.0,0.0,0.0,2.861e-06,0.0,0.0,1.972,8.161e-05,0.0,0.0,0.0
251830000000.0,251832000000.0,6280685099.0,45.0,2596544968.0,0.0177,0.0003576,0.005821,0.0001574,0.0001574,0.0003576,0.002071,0.0,0.06323,0.003216,,,0.0,0.0,0.06323
251832000000.0,251846000000.0,6280685099.0,45.0,2596544968.0,0.002853,0.0,0.0,0.0,0.0,0.0,0.003887,2.861e-06,0.03998,0.01721,,,0.0,0.0,0.0
251846000000.0,251847000000.0,6280685099.0,45.0,2596544968.0,0.0,0.0,0.0,0.0,0.0,0.0,0.0,2.861e-06,0.0,0.0,,,0.0,0.0,0.0
251864000000.0,251877000000.0,6280685099.0,45.0,905035.0,0.007201999999999998,0.001556,0.00573,0.0008011000000000001,0.001093,0.00346,0.04022,0.0,0.05914,0.08826,,,0.0,0.0,0.002811
251877000000.0,251890000000.0,6280685099.0,45.0,905035.0,0.0003757,0.0,0.0,0.0,0.0,0.0,0.001268,2.861e-06,0.004883,0.008575,10.7,0.04073,0.0,0.0,0.0
251890000000.0,251891000000.0,6280685099.0,45.0,905035.0,0.0,0.0,0.0,0.0,0.0,0.0,0.0,2.861e-06,0.0,0.0,10.7,0.04073,0.0,0.0,0.0
251906000000.0,251918000000.0,6280685099.0,45.0,905035.0,0.007088,0.001299,0.00573,0.000576,0.0008736000000000001,0.002407,0.03955,0.0,0.04645,0.08386,,,0.0,0.0,0.004616
251918000000.0,251932000000.0,6280685099.0,45.0,905035.0,0.001154,0.0,0.0,0.0,0.0,0.0,0.005386,2.861e-06,0.01614,0.03723,,,0.0,0.0,0.0
251932000000.0,251933000000.0,6280685099.0,45.0,905035.0,0.0,0.0,0.0,0.0,0.0,0.0,7.153e-05,2.861e-06,0.0,7.153e-05,,,0.0,0.0,0.0
251950000000.0,251961000000.0,6280685099.0,45.0,905035.0,0.008362,0.00135,0.00573,0.0006389999999999999,0.0009785,0.002716,0.0459,0.0,0.0434,0.1042,,,0.0,0.0,0.0434
251961000000.0,251976000000.0,6280685099.0,45.0,905035.0,0.0005617,0.0,0.0,0.0,0.0,0.0,0.002529,2.861e-06,0.008423,0.02866,,,0.0,0.0,0.0
251976000000.0,251977000000.0,6280685099.0,45.0,905035.0,0.0,0.0,0.0,0.0,0.0,0.0,0.0,2.861e-06,0.0,0.0,,,0.0,0.0,0.0
251997000000.0,252000000000.0,6280685099.0,45.0,1339798.0,0.002327,0.00034139999999999995,0.005745,0.0001688,0.0002108,0.0006599,0.03241,0.0,0.0132,0.05359,,,0.0,0.0,0.003819
252000000000.0,252008000000.0,6280685099.0,45.0,1339798.0,0.00975,0.002064,0.005737,0.00116,0.001575,0.003513,0.03888,9.537e-07,0.02451,0.09424,,,0.0,0.0,0.01114
252008000000.0,252026000000.0,6280685099.0,45.0,1339798.0,0.0001717,0.0,0.0,0.0,0.0,0.0,0.0005673999999999999,2.861e-06,0.003098,0.009995,,,0.0,0.0,0.0
252026000000.0,252027000000.0,6280685099.0,45.0,1339798.0,0.0,0.0,0.0,0.0,0.0,0.0,0.0,2.861e-06,0.0,0.0,,,0.0,0.0,0.0
252047000000.0,252050000000.0,6280685099.0,45.0,6567853.0,0.02356,0.0006083999999999999,0.005814,0.0004587,0.0004587,0.000741,0.01804,9.537e-07,0.06183,0.04584,,,0.0,0.0,0.02869
252050000000.0,252065000000.0,6280685099.0,45.0,6567853.0,0.0005283,0.0,0.0,0.0,0.0,0.0,0.003819,2.861e-06,0.007918999999999999,0.04572,,,0.0,0.0,0.0
252065000000.0,252066000000.0,6280685099.0,45.0,6567853.0,0.0,0.0,0.0,0.0,0.0,0.0,0.0,2.861e-06,0.0,0.0,,,0.0,0.0,0.0
252081000000.0,252086000000.0,6280685099.0,45.0,4478827198.0,0.01529,0.00145,0.005638000000000001,0.0006523,0.0008392000000000001,0.002399,0.02774,9.537e-07,0.04773,0.04767,1.209,0.001442,0.0,0.0,0.0249
252086000000.0,252098000000.0,6280685099.0,45.0,4478827198.0,0.0007372,0.0,0.0,0.0,0.0,0.0,0.002823,2.861e-06,0.008834999999999999,0.03369,1.209,0.001442,0.0,0.0,0.0
252098000000.0,252099000000.0,6280685099.0,45.0,4478827198.0,0.0,0.0,0.0,0.0,0.0,0.0,0.0,2.861e-06,0.0,0.0,1.209,0.001442,0.0,0.0,0.0
252117000000.0,252130000000.0,6280685099.0,45.0,4478827198.0,0.005211,0.00106,0.005692,0.0006142000000000001,0.0008154,0.001942,0.0224,0.0,0.03784,0.04053,,,0.0,0.0,7.725e-05
252130000000.0,252144000000.0,6280685099.0,45.0,4478827198.0,0.00206,0.0,0.0,0.0,0.0,0.0,0.0066760000000000005,2.861e-06,0.02881,0.02286,,,0.0,0.0,0.0
252144000000.0,252145000000.0,6280685099.0,45.0,4478827198.0,0.0,0.0,0.0,0.0,0.0,0.0,0.0,2.861e-06,0.0,0.0,,,0.0,0.0,0.0
252160000000.0,252165000000.0,6280685099.0,45.0,4478827198.0,0.01546,0.001282,0.005797999999999999,0.0006285,0.0008087,0.002155,0.02283,9.537e-07,0.03577,0.04602,,,0.0,0.0,5.722e-05
252165000000.0,252179000000.0,6280685099.0,45.0,4478827198.0,0.0007658,0.0,0.0,0.0,0.0,0.0,0.002361,2.861e-06,0.01073,0.018009999999999998,,,0.0,0.0,0.0
252179000000.0,252181000000.0,6280685099.0,45.0,4478827198.0,0.0,0.0,0.0,0.0,0.0,0.0,0.0,2.861e-06,0.0,0.0,,,0.0,0.0,0.0
252196000000.0,252207000000.0,6280685099.0,45.0,4478827198.0,0.00824,0.00153,0.005814,0.0007658,0.001051,0.003841,0.02704,0.0,0.0415,0.05841,1.368,0.002438,0.0,0.0,5.245e-05
252207000000.0,252221000000.0,6280685099.0,45.0,4478827198.0,0.0003052,0.0,0.0,0.0,0.0,0.0,0.002045,2.861e-06,0.004265,0.01715,1.368,0.002438,0.0,0.0,0.0
252221000000.0,252222000000.0,6280685099.0,45.0,4478827198.0,0.0,0.0,0.0,0.0,0.0,0.0,0.0,2.861e-06,0.0,0.0,1.368,0.002438,0.0,0.0,0.0
252240000000.0,252246000000.0,6280685099.0,45.0,4478827198.0,0.01393,0.00169,0.005806,0.0008068,0.0011220000000000002,0.002583,0.0278,9.537e-07,0.05109,0.05463,,,0.0,0.0,0.00123
252246000000.0,252256000000.0,6280685099.0,45.0,4478827198.0,0.0007582000000000001,0.0,0.0,0.0,0.0,0.0,0.002014,2.861e-06,0.007584,0.01151,,,0.0,0.0,0.0
252256000000.0,252257000000.0,6280685099.0,45.0,4478827198.0,0.0,0.0,0.0,0.0,0.0,0.0,0.0,2.861e-06,0.0,0.0,,,0.0,0.0,0.0
252272000000.0,252286000000.0,6280685099.0,45.0,4478827198.0,0.006485,0.001858,0.005814,0.001099,0.001509,0.003777,0.02628,9.537e-07,0.051210000000000006,0.06519,,,0.0,0.0,0.005516
252286000000.0,252300000000.0,6280685099.0,45.0,4478827198.0,0.0004396,0.0,0.0,0.0,0.0,0.0,0.0033909999999999995,2.861e-06,0.003078,0.02686,,,0.0,0.0,0.0
252300000000.0,252306000000.0,6280685099.0,45.0,4478827198.0,0.0,0.0,0.0,0.0,0.0,0.0,0.0,2.861e-06,0.0,0.0,,,0.0,0.0,0.0
252306000000.0,252307000000.0,6280685099.0,45.0,4478827198.0,0.0,0.0,0.0,0.0,0.0,0.0,0.0,2.861e-06,0.0,0.0,,,0.0,0.0,0.0
252340000000.0,252350000000.0,6280685099.0,45.0,1436303047.0,0.009384,0.001402,0.005790999999999999,0.0008506999999999999,0.001127,0.00312,0.04907,0.0,0.03723,0.1072,1.543,0.0017420000000000005,0.0,0.0,0.002079
252350000000.0,252367000000.0,6280685099.0,45.0,1436303047.0,0.0004778000000000001,0.0,0.0,0.0,0.0,0.0,0.0009661,2.861e-06,0.008118,0.015719999999999998,1.543,0.0017420000000000005,0.0,0.0,0.0
252367000000.0,252368000000.0,6280685099.0,45.0,1436303047.0,0.0,0.0,0.0,0.0,0.0,0.0,0.0,2.861e-06,0.0,0.0,1.543,0.0017420000000000005,0.0,0.0,0.0
252392000000.0,252404000000.0,6280685099.0,45.0,705751.0,0.00708,0.001263,0.005676,0.0007601,0.001005,0.002541,0.03864,0.0,0.03619,0.1007,,,0.0,0.0,0.004128
252404000000.0,252419000000.0,6280685099.0,45.0,705751.0,0.0004225,0.0002356,0.0,0.0002241,0.0002241,0.003529,0.00189,2.861e-06,0.00634,0.017269999999999997,,,0.0,0.0,0.0
252419000000.0,252420000000.0,6280685099.0,45.0,705751.0,0.0,0.0,0.0,0.0,0.0,0.0,0.0,2.861e-06,0.0,0.0,,,0.0,0.0,0.0
252434000000.0,252448000000.0,6280685099.0,45.0,799179809.0,0.006096,0.001184,0.005806,0.0005922000000000001,0.0009212,0.002827,0.03271,0.0,0.03644,0.07922,,,0.0,0.0,0.0015810000000000002
252448000000.0,252461000000.0,6280685099.0,45.0,799179809.0,0.0008364,0.00026230000000000003,0.0,0.0002556,0.0002556,0.003407,0.004852,2.861e-06,0.01088,0.03729,,,0.0,0.0,0.0
252461000000.0,252462000000.0,6280685099.0,45.0,799179809.0,0.0,0.0,0.0,0.0,0.0,0.0,0.0,2.861e-06,0.0,0.0,,,0.0,0.0,0.0
252481000000.0,252494000000.0,6280685099.0,45.0,257405900.0,0.006111,0.001257,0.005737,0.0007448,0.001001,0.003056,0.034,0.0,0.03851,0.07092000000000001,,,0.0,0.0,0.002251
252494000000.0,252507000000.0,6280685099.0,45.0,257405900.0,0.0005502999999999999,0.0,0.0,0.0,0.0,0.0,0.0007639,2.861e-06,0.007148999999999998,0.009933,,,0.0,0.0,0.0
252507000000.0,252508000000.0,6280685099.0,45.0,257405900.0,0.0,0.0,0.0,0.0,0.0,0.0,0.0,2.861e-06,0.0,0.0,,,0.0,0.0,0.0
252528000000.0,252536000000.0,6280685099.0,45.0,2347177550.0,0.008728,0.001455,0.005821,0.0009499,0.001236,0.002628,0.043210000000000005,0.0,0.03284,0.09192,,,0.0,0.0,0.008057
252536000000.0,252554000000.0,6280685099.0,45.0,2347177550.0,0.0006723,0.0,0.0,0.0,0.0,0.0,0.002064,2.861e-06,0.0121,0.03436,1.487,0.0016879999999999998,0.0,0.0,0.0
252554000000.0,252555000000.0,6280685099.0,45.0,2347177550.0,0.0,0.0,0.0,0.0,0.0,0.0,0.0,2.861e-06,0.0,0.0,1.487,0.0016879999999999998,0.0,0.0,0.0
252565000000.0,252577000000.0,6280685099.0,45.0,35625929.0,0.006714,0.0016190000000000002,0.005821,0.0009184,0.001291,0.003544,0.03036,0.0,0.04614,0.04462,,,0.0,0.0,0.002846
252577000000.0,252590000000.0,6280685099.0,45.0,35625929.0,0.0004873,0.0,0.0,0.0,0.0,0.0,0.00399,2.861e-06,0.006332,0.01715,,,0.0,0.0,0.0
252590000000.0,252591000000.0,6280685099.0,45.0,35625929.0,0.0,0.0,0.0,0.0,0.0,0.0,0.0,2.861e-06,0.0,0.0,,,0.0,0.0,0.0
252591000000.0,252600000000.0,6280685099.0,45.0,35625929.0,0.0,0.0,0.0,0.0,0.0,0.0,0.0,2.861e-06,0.0,,,,0.0,0.0,0.0
252610000000.0,252617000000.0,6280685099.0,45.0,2347177550.0,0.009201,0.001148,0.005821,0.0007973,0.001009,0.001965,0.04175,0.0,0.05945,0.1027,,,0.0,0.0,0.001965
252617000000.0,252630000000.0,6280685099.0,45.0,2347177550.0,0.001005,0.0,0.0,0.0,0.0,0.0,0.001423,2.861e-06,0.01308,0.01849,,,0.0,0.0,0.0
252630000000.0,252631000000.0,6280685099.0,45.0,2347177550.0,0.0,0.0,0.0,0.0,0.0,0.0,0.0,2.861e-06,0.0,0.0,,,0.0,0.0,0.0
252648000000.0,252651000000.0,6280685099.0,45.0,1331843.0,0.02335,0.001015,0.005797999999999999,0.0007915,0.0008669000000000001,0.0012380000000000002,0.03137,0.0,0.04193,0.07239,,,0.0,0.0,0.03247
252651000000.0,252664000000.0,6280685099.0,45.0,1331843.0,0.00136,0.0,0.0,0.0,0.0,0.0,0.00589,2.861e-06,0.017669999999999998,0.03085,,,0.0,0.0,0.0
252664000000.0,252665000000.0,6280685099.0,45.0,1331843.0,0.0,0.0,0.0,0.0,0.0,0.0,0.0,2.861e-06,0.0,0.0,,,0.0,0.0,0.0
252686000000.0,252690000000.0,6280685099.0,45.0,1094729.0,0.01712,0.001497,0.005814,0.0007132999999999999,0.0009022,0.002266,0.02594,9.537e-07,0.06195,0.03613,,,0.0,0.0,1.526e-05
252690000000.0,252703000000.0,6280685099.0,45.0,1094729.0,0.0005102,0.0,0.0,0.0,0.0,0.0,0.001087,2.861e-06,0.006638,0.01086,,,0.0,0.0,0.0
252703000000.0,252704000000.0,6280685099.0,45.0,1094729.0,0.0,0.0,0.0,0.0,0.0,0.0,0.0,2.861e-06,0.0,0.0,,,0.0,0.0,0.0
252720000000.0,252727000000.0,6280685099.0,45.0,1331843.0,0.01178,0.0008782999999999999,0.005814,0.0009012,0.001102,0.0016120000000000002,0.04395,0.0,0.043460000000000006,0.06726,,,0.0,0.0,0.01077
252727000000.0,252746000000.0,6280685099.0,45.0,1331843.0,0.0004253,0.0001326,0.0,0.0,0.0,0.002525,0.001839,2.861e-06,0.008072,0.03143,,,0.0,0.0,0.0
252746000000.0,252747000000.0,6280685099.0,45.0,1331843.0,0.0,0.0,0.0,0.0,0.0,0.0,0.0,2.861e-06,0.0,0.0,,,0.0,0.0,0.0
252762000000.0,252771000000.0,6280685099.0,45.0,1094729.0,0.008957,0.001404,0.005821,0.0006714,0.00107,0.003033,0.0365,0.0,0.05383,0.05969,,,0.0,0.0,8.297e-05
252771000000.0,252787000000.0,6280685099.0,45.0,1094729.0,0.0005779,0.0,0.0,0.0,0.0,0.0,0.0017280000000000002,2.861e-06,0.009247,0.02765,,,0.0,0.0,0.0
252787000000.0,252788000000.0,6280685099.0,45.0,1094729.0,0.0,0.0,0.0,0.0,0.0,0.0,0.0,2.861e-06,0.0,0.0,,,0.0,0.0,0.0
252808000000.0,252818000000.0,6280685099.0,45.0,317496479.0,0.008606,0.001455,0.005821,0.0009079,0.001207,0.00293,0.03912,0.0,0.04431,0.07825,1.162,0.0016010000000000002,0.0,0.0,0.00415
252818000000.0,252833000000.0,6280685099.0,45.0,317496479.0,0.0007867999999999999,0.0,0.0,0.0,0.0,0.0,0.0015279999999999998,2.861e-06,0.0118,0.02292,1.162,0.0016010000000000002,0.0,0.0,0.0
252833000000.0,252834000000.0,6280685099.0,45.0,317496479.0,0.0,0.0,0.0,0.0,0.0,0.0,0.0002146,2.861e-06,0.0,0.0002146,1.162,0.0016010000000000002,0.0,0.0,0.0
252851000000.0,252872000000.0,6280685099.0,45.0,1274981.0,0.00388,0.001263,0.005684000000000001,0.0005932,0.0008945,0.002808,0.02347,0.0,0.02234,0.06,,,0.0,0.0,0.0032310000000000004
252872000000.0,252888000000.0,6280685099.0,45.0,1274981.0,0.0007448,0.0,0.0,0.0,0.0,0.0,0.003223,2.861e-06,0.01192,0.02008,,,0.0,0.0,0.0
252888000000.0,252889000000.0,6280685099.0,45.0,1274981.0,0.0,0.0,0.0,0.0,0.0,0.0,0.0,2.861e-06,0.0,0.0,,,0.0,0.0,0.0
252889000000.0,252900000000.0,6280685099.0,45.0,1274981.0,0.0,0.0,0.0,0.0,0.0,0.0,0.0,2.861e-06,0.0,,,,0.0,0.0,0.0
252905000000.0,252908000000.0,6280685099.0,45.0,155470766.0,0.0152,0.000432,0.005821,0.0004549,0.0004635,0.0005236,0.01193,0.0,0.03363,0.01913,,,0.0,0.0,0.01993
252908000000.0,252923000000.0,6280685099.0,45.0,155470766.0,0.0017219999999999998,0.0,0.0,0.0,0.0,0.0,0.004135,2.861e-06,0.02585,0.02856,,,0.0,0.0,0.0
252923000000.0,252924000000.0,6280685099.0,45.0,155470766.0,0.0,0.0,0.0,0.0,0.0,0.0,0.0,2.861e-06,0.0,0.0,,,0.0,0.0,0.0
252942000000.0,252948000000.0,6280685099.0,45.0,305376341.0,0.01089,0.001165,0.005768,0.0005388,0.0007076000000000001,0.0019760000000000003,0.02698,9.537e-07,0.032780000000000004,0.04871,,,0.0,0.0,0.005424
252948000000.0,252967000000.0,6280685099.0,45.0,305376341.0,0.0002947,0.0001154,0.0,0.0001097,0.0001097,0.00219,0.0009880000000000002,2.861e-06,0.005592,0.0188,1.638,0.001256,0.0,0.0,0.0
252967000000.0,252968000000.0,6280685099.0,45.0,305376341.0,0.0,0.0,0.0,0.0,0.0,0.0,0.0,2.861e-06,0.0,0.0,1.638,0.001256,0.0,0.0,0.0
252985000000.0,252997000000.0,6280685099.0,45.0,978710.0,0.0073170000000000015,0.0016420000000000002,0.005806,0.0009193,0.001293,0.003536,0.034730000000000004,0.0,0.05554,0.05426,,,0.0,0.0,0.009689
252997000000.0,253010000000.0,6280685099.0,45.0,978710.0,0.0005007,0.0,0.0,0.0,0.0,0.0,0.004181,2.861e-06,0.006508,0.02286,,,0.0,0.0,0.0
253010000000.0,253011000000.0,6280685099.0,45.0,978710.0,0.0,0.0,0.0,0.0,0.0,0.0,0.0,2.861e-06,0.0,0.0,,,0.0,0.0,0.0
253027000000.0,253038000000.0,6280685099.0,45.0,978710.0,0.007591,0.001339,0.005814,0.0006647000000000001,0.001036,0.002903,0.03564,0.0,0.03967,0.05676000000000001,,,0.0,0.0,0.03967
253038000000.0,253053000000.0,6280685099.0,45.0,978710.0,0.0006933,0.0,0.0,0.0,0.0,0.0,0.003983,2.861e-06,0.01041,0.025730000000000003,,,0.0,0.0,0.0
253053000000.0,253054000000.0,6280685099.0,45.0,978710.0,0.0,0.0,0.0,0.0,0.0,0.0,0.0,2.861e-06,0.0,0.0,,,0.0,0.0,0.0
253071000000.0,253081000000.0,6280685099.0,45.0,978710.0,0.008423,0.001371,0.005814,0.0007162000000000001,0.001106,0.002705,0.04144,0.0,0.02887,0.08569,0.7612,0.0004627,0.0,0.0,0.004616
253081000000.0,253094000000.0,6280685099.0,45.0,978710.0,0.001312,0.0,0.0,0.0,0.0,0.0,0.002487,2.861e-06,0.01706,0.02756,0.7612,0.0004627,0.0,0.0,0.0
253094000000.0,253095000000.0,6280685099.0,45.0,978710.0,0.0,0.0,0.0,0.0,0.0,0.0,0.0,2.861e-06,0.0,0.0,0.7612,0.0004627,0.0,0.0,0.0
253123000000.0,253128000000.0,6280685099.0,45.0,711482.0,0.01515,0.0008049,0.005806,0.0005255,0.0006065,0.001646,0.02136,9.537e-07,0.06183,0.0611,,,0.0,0.0,0.009583
253128000000.0,253140000000.0,6280685099.0,45.0,711482.0,0.0006094,0.000185,0.0,0.00017549999999999998,0.00017549999999999998,0.00222,0.00573,2.861e-06,0.007309,0.01721,,,0.0,0.0,0.0
253140000000.0,253142000000.0,6280685099.0,45.0,711482.0,0.0,0.0,0.0,0.0,0.0,0.0,0.0,2.861e-06,0.0,0.0,,,0.0,0.0,0.0
253158000000.0,253162000000.0,6280685099.0,45.0,4302097367.0,0.01755,0.001175,0.005821,0.000411,0.0007534,0.002071,0.02493,9.537e-07,0.06067,0.04034,,,0.0,0.0,0.001623
253162000000.0,253177000000.0,6280685099.0,45.0,4302097367.0,0.0004969,0.0,0.0,0.0,0.0,0.0,0.0008621000000000001,2.861e-06,0.007454,0.01135,,,0.0,0.0,0.0
253177000000.0,253178000000.0,6280685099.0,45.0,4302097367.0,0.0,0.0,0.0,0.0,0.0,0.0,0.0,2.861e-06,0.0,0.0,,,0.0,0.0,0.0
253195000000.0,253200000000.0,6280685099.0,45.0,4302097367.0,0.0012,0.00025180000000000005,0.005821,0.0001173,0.0001459,0.000515,0.01538,0.0,0.005943,0.02142,,,0.0,0.0,0.003547999999999999
253200000000.0,253209000000.0,6280685099.0,45.0,4302097367.0,0.008926,0.001822,0.005814,0.001034,0.0014210000000000002,0.003525,0.02917,9.537e-07,0.04407,0.04858,,,0.0,0.0,0.001198
253209000000.0,253222000000.0,6280685099.0,45.0,4302097367.0,9.251e-05,0.0,0.0,0.0,0.0,0.0,0.0005989,2.861e-06,0.001205,0.007781999999999998,,,0.0,0.0,0.0
253222000000.0,253223000000.0,6280685099.0,45.0,4302097367.0,0.0,0.0,0.0,0.0,0.0,0.0,0.0,2.861e-06,0.0,0.0,,,0.0,0.0,0.0
253241000000.0,253251000000.0,6280685099.0,45.0,1672853.0,0.00798,0.001749,0.005814,0.0006189,0.001003,0.003235,0.0132,9.537e-07,0.05603,0.02643,,,0.0,0.0,8.011e-05
253251000000.0,253270000000.0,6280685099.0,45.0,1672853.0,4.482e-05,0.0,0.0,0.0,0.0,0.0,0.001961,2.861e-06,0.0008526,0.01151,,,0.0,0.0,0.0
253270000000.0,253271000000.0,6280685099.0,45.0,1672853.0,0.0,0.0,0.0,0.0,0.0,0.0,0.0,2.861e-06,0.0,0.0,,,0.0,0.0,0.0
253288000000.0,253308000000.0,6280685099.0,45.0,4820218016.0,0.007133,0.001537,0.005821,0.0008116,0.001179,0.0035060000000000004,0.03241,0.0,0.0556,0.06372,1.419,,0.0,0.0,0.001616
253308000000.0,253327000000.0,6280685099.0,45.0,4820218016.0,0.0003481000000000001,0.0,0.0,0.0,0.0,0.0,0.0009804,2.861e-06,0.006622,0.01292,1.419,,0.0,0.0,0.0
253327000000.0,253328000000.0,6280685099.0,45.0,4820218016.0,0.0,0.0,0.0,0.0,0.0,0.0,0.0,2.861e-06,0.0,0.0,1.419,,0.0,0.0,0.0
253345000000.0,253359000000.0,6280685099.0,45.0,227415830.0,0.00663,0.001637,0.005821,0.0008993,0.001286,0.003475,0.02975,0.0,0.04749,0.05408,,,0.0,0.0,0.0
253359000000.0,253385000000.0,6280685099.0,45.0,227415830.0,0.0002718,0.0,0.0,0.0,0.0,0.0,0.00072,2.861e-06,0.007072,0.01193,,,0.0,0.0,0.0
253385000000.0,253386000000.0,6280685099.0,45.0,227415830.0,0.0,0.0,0.0,0.0,0.0,0.0,0.0,2.861e-06,0.0,0.0,,,0.0,0.0,0.0
253402000000.0,253500000000.0,6280685099.0,45.0,1271794.0,0.0,0.0,0.0,0.0,0.0,0.0,0.0,0.0,0.0,,,,0.0,0.0,0.0
253500000000.0,253501000000.0,6280685099.0,45.0,1271794.0,0.0,0.0,0.0,0.0,0.0,0.0,0.0,0.0,0.0,,,,0.0,0.0,0.0
253501000000.0,253504000000.0,6280685099.0,45.0,1271794.0,0.00946,0.00032230000000000003,0.005814,0.0006207999999999999,0.0006303999999999999,0.0004826000000000001,0.003891,0.0,0.04486,0.006355,,,0.0,0.0,0.0
253504000000.0,253533000000.0,6280685099.0,45.0,1271794.0,0.001898,4.864e-05,0.0,4.482e-05,4.482e-05,0.001415,0.002579,2.861e-06,0.05505,0.01715,1.404,0.001085,0.0,0.0,0.0
253533000000.0,253537000000.0,6280685099.0,45.0,1271794.0,0.0,0.0,0.0,0.0,0.0,0.0,0.0,2.861e-06,0.0,0.0,1.404,0.001085,0.0,0.0,0.0
253556000000.0,253564000000.0,6280685099.0,45.0,3660038653.0,0.009918,0.001045,0.00563,0.0003557,0.0005922000000000001,0.002316,0.021480000000000003,9.537e-07,0.03271,0.03973,,,0.0,0.0,0.00012590000000000002
253564000000.0,253585000000.0,6280685099.0,45.0,3660038653.0,0.0003405,0.00012590000000000002,0.0,0.0001183,0.0001183,0.00264,0.003547999999999999,2.861e-06,0.007148999999999998,0.01999,,,0.0,0.0,0.0
253585000000.0,253586000000.0,6280685099.0,45.0,3660038653.0,0.0,0.0,0.0,0.0,0.0,0.0,0.0,2.861e-06,0.0,0.0,,,0.0,0.0,0.0
253600000000.0,253612000000.0,6280685099.0,45.0,3675686663.0,0.007506999999999998,0.001205,0.005775,0.0006962000000000001,0.0009127,0.002731,0.034480000000000004,0.0,0.05566,0.08826,,,0.0,0.0,0.002316
253612000000.0,253629000000.0,6280685099.0,45.0,3675686663.0,0.0023420000000000003,0.0,0.0,0.0,0.0,0.0,0.0032310000000000004,2.861e-06,0.03986,0.02872,,,0.0,0.0,0.0
253629000000.0,253630000000.0,6280685099.0,45.0,3675686663.0,0.0,0.0,0.0,0.0,0.0,0.0,0.0,2.861e-06,0.0,0.0,,,0.0,0.0,0.0
253646000000.0,253696000000.0,6280685099.0,45.0,323143571.0,0.001917,0.001263,0.005790999999999999,0.0005665000000000001,0.0008678,0.003437,0.009659,0.0,0.02554,0.04291,1.8,0.001743,0.0,0.0,9.537e-07
253696000000.0,253713000000.0,6280685099.0,45.0,323143571.0,0.0004386999999999999,0.0,0.0,0.0,0.0,0.0,0.001062,2.861e-06,0.007462000000000002,0.01228,1.8,0.001743,0.0,0.0,0.0
253713000000.0,253715000000.0,6280685099.0,45.0,323143571.0,0.0,0.0,0.0,0.0,0.0,0.0,3.529e-05,2.861e-06,0.0,7.153e-05,1.8,0.001743,0.0,0.0,0.0
253730000000.0,253733000000.0,6280685099.0,45.0,2849213.0,0.01569,0.0002041,0.005806,1.907e-06,6.676e-06,0.0003061,0.0024530000000000003,0.0,0.06189,0.005997,,,0.0,0.0,0.005775
253733000000.0,253750000000.0,6280685099.0,45.0,2849213.0,0.002007,0.0,0.0,0.0,0.0,0.0,0.003262,2.861e-06,0.03412,0.01143,,,0.0,0.0,0.0
253750000000.0,253756000000.0,6280685099.0,45.0,2849213.0,0.0,0.0,0.0,0.0,0.0,0.0,0.0,2.861e-06,0.0,0.0,,,0.0,0.0,0.0
253771000000.0,253779000000.0,6280685099.0,45.0,257333194.0,0.009277,0.001343,0.005814,0.0007439,0.00115,0.002468,0.04474,0.0,0.04688,0.08716,,,0.0,0.0,0.002758
253779000000.0,253800000000.0,6280685099.0,45.0,257333194.0,0.0003796,0.0,0.0,0.0,0.0,0.0,0.001108,2.861e-06,0.00798,0.014430000000000004,,,0.0,0.0,0.0
253800000000.0,253801000000.0,6280685099.0,45.0,257333194.0,0.0,0.0,0.0,0.0,0.0,0.0,0.0,2.861e-06,0.0,0.0,,,0.0,0.0,0.0
253801000000.0,253802000000.0,6280685099.0,45.0,257333194.0,0.0,0.0,0.0,0.0,0.0,0.0,0.0,2.861e-06,0.0,0.0,,,0.0,0.0,0.0
253821000000.0,253836000000.0,6280685099.0,45.0,6567463.0,0.006126,0.0013449999999999998,0.005797999999999999,0.0007153,0.0009689,0.00346,0.03198,0.0,0.05896000000000001,0.08922999999999999,,,0.0,0.0,0.0001698
253836000000.0,253861000000.0,6280685099.0,45.0,6567463.0,0.0004425,0.0,0.0,0.0,0.0,0.0,0.001389,2.861e-06,0.01108,0.02301,1.668,0.001784,0.0,0.0,0.0
253861000000.0,253862000000.0,6280685099.0,45.0,6567463.0,0.0,0.0,0.0,0.0,0.0,0.0,0.0,2.861e-06,0.0,0.0,1.668,0.001784,0.0,0.0,0.0
253879000000.0,253887000000.0,6280685099.0,45.0,4302800702.0,0.0106,0.001329,0.005797999999999999,0.00103,0.001366,0.002102,0.04071,0.0,0.05933,0.05194,,,0.0,0.0,0.005249
253887000000.0,253904000000.0,6280685099.0,45.0,4302800702.0,0.0004644,0.0002031,0.0,0.0,0.0,0.0034560000000000003,0.0001936,2.861e-06,0.007904000000000001,0.002998,,,0.0,0.0,0.0
253904000000.0,253905000000.0,6280685099.0,45.0,4302800702.0,0.0,0.0,0.0,0.0,0.0,0.0,0.0,2.861e-06,0.0,0.0,,,0.0,0.0,0.0
253923000000.0,253925000000.0,6280685099.0,45.0,379068567.0,0.01277,0.0004873,0.005821,7.915e-05,7.915e-05,0.0004873,0.007645,0.0,0.04224,0.01228,,,0.0,0.0,0.04224
253925000000.0,253939000000.0,6280685099.0,45.0,379068567.0,0.003246,0.0,0.0,0.0,0.0,0.0,0.003139,2.861e-06,0.04547,0.02286,,,0.0,0.0,0.0
253939000000.0,253940000000.0,6280685099.0,45.0,379068567.0,0.0,0.0,0.0,0.0,0.0,0.0,0.0,2.861e-06,0.0,0.0,,,0.0,0.0,0.0
253953000000.0,253959000000.0,6280685099.0,45.0,6568166.0,0.008223999999999999,0.0008926,0.005821,0.0004606,0.0006962000000000001,0.001518,0.04889,0.0,0.03043,0.07372999999999999,,,0.0,0.0,0.03043
253959000000.0,253970000000.0,6280685099.0,45.0,6568166.0,0.002415,0.0,0.0,0.0,0.0,0.0,0.004921,2.861e-06,0.02655,0.04266,1.612,0.00122,0.0,0.0,0.0
253970000000.0,253971000000.0,6280685099.0,45.0,6568166.0,0.0,0.0,0.0,0.0,0.0,0.0,0.0,2.861e-06,0.0,0.0,1.612,0.00122,0.0,0.0,0.0
253987000000.0,253995000000.0,6280685099.0,45.0,708486758.0,0.01048,0.001593,0.005692,0.0009737,0.001266,0.00309,0.04877,0.0,0.05255,0.1111,,,0.0,0.0,0.05255
253995000000.0,254012000000.0,6280685099.0,45.0,708486758.0,0.0006723,0.0,0.0,0.0,0.0,0.0,0.003246,2.861e-06,0.01143,0.04865,1.602,0.001588,0.0,0.0,0.0
254012000000.0,254013000000.0,6280685099.0,45.0,708486758.0,0.0,0.0,0.0,0.0,0.0,0.0,0.0,2.861e-06,0.0,0.0,1.602,0.001588,0.0,0.0,0.0
254026000000.0,254035000000.0,6280685099.0,45.0,682861.0,0.009277,0.00178,0.005797999999999999,0.0006247000000000001,0.00103,0.0033909999999999995,0.01886,9.537e-07,0.04852,0.05609,1.481,0.001546,0.0,0.0,0.001663
254035000000.0,254053000000.0,6280685099.0,45.0,682861.0,4.673e-05,0.0,0.0,0.0,0.0,0.0,0.0009012,2.861e-06,0.0008364,0.01614,1.481,0.001546,0.0,0.0,0.0
254053000000.0,254054000000.0,6280685099.0,45.0,682861.0,0.0,0.0,0.0,0.0,0.0,0.0,0.0,2.861e-06,0.0,0.0,1.481,0.001546,0.0,0.0,0.0
254097000000.0,254100000000.0,6280685099.0,45.0,284757395.0,0.0007315,0.00017549999999999998,0.00576,4.864e-05,4.959e-05,0.0002642,0.004761,0.0,0.002037,0.007141,,,0.0,0.0,0.0
254100000000.0,254152000000.0,6280685099.0,45.0,284757395.0,0.001509,0.0016420000000000002,0.00576,0.0007887,0.001188,0.003601,0.008194,0.0,0.03851,0.02536,2.019,0.005627,0.0,0.0,1.907e-06
254152000000.0,254177000000.0,6280685099.0,45.0,284757395.0,0.0002451,0.0,0.0,0.0,0.0,0.0,0.001324,2.861e-06,0.0061340000000000006,0.008575,2.019,0.005627,0.0,0.0,0.0
254177000000.0,254178000000.0,6280685099.0,45.0,284757395.0,0.0,0.0,0.0,0.0,0.0,0.0,0.0,2.861e-06,0.0,0.0,2.019,0.005627,0.0,0.0,0.0
254186000000.0,254198000000.0,6280685099.0,45.0,317471772.0,0.00663,0.001368,0.005676,0.0007019,0.0009527,0.00312,0.03821,0.0,0.03442,0.07349,0.9919,0.001361,0.0,0.0,0.001522
254198000000.0,254214000000.0,6280685099.0,45.0,317471772.0,0.0004463,0.0,0.0,0.0,0.0,0.0,0.0005673999999999999,2.861e-06,0.007133,0.009079,0.9919,0.001361,0.0,0.0,0.0
254214000000.0,254215000000.0,6280685099.0,45.0,317471772.0,0.0,0.0,0.0,0.0,0.0,0.0,0.0,2.861e-06,0.0,0.0,0.9919,0.001361,0.0,0.0,0.0
254230000000.0,254241000000.0,6280685099.0,45.0,4302224596.0,0.008026,0.00128,0.005814,0.0008001,0.001062,0.003239,0.033260000000000005,0.0,0.047,0.062070000000000014,,,0.0,0.0,0.002338
254241000000.0,254257000000.0,6280685099.0,45.0,4302224596.0,0.0001211,0.0002136,0.0,0.00020980000000000006,0.00020980000000000006,0.003422,0.0001383,2.861e-06,0.001938,0.002213,,,0.0,0.0,0.0
254257000000.0,254258000000.0,6280685099.0,45.0,4302224596.0,0.0,0.0,0.0,0.0,0.0,0.0,0.0,2.861e-06,0.0,0.0,,,0.0,0.0,0.0
254260000000.0,254262000000.0,6280685099.0,45.0,612770260.0,0.01437,0.0,0.005821,9.537e-07,9.537e-07,0.0,0.008636,0.0,0.03345,0.01314,,,0.0,0.0,0.03345
254262000000.0,254277000000.0,6280685099.0,45.0,612770260.0,0.003513,9.06e-05,0.0,8.869e-05,8.869e-05,0.001364,0.005661,2.861e-06,0.05267,0.03149,,,0.0,0.0,0.0
254277000000.0,254278000000.0,6280685099.0,45.0,612770260.0,0.0,0.0,0.0,0.0,0.0,0.0,0.0,2.861e-06,0.0,0.0,,,0.0,0.0,0.0
254279000000.0,254290000000.0,6280685099.0,45.0,906693.0,0.007469,0.0007448,0.005821,0.0004606,0.000659,0.001797,0.03369,0.0,0.06122,0.06287000000000001,0.7813,0.0004732,0.0,0.0,0.005157
254290000000.0,254316000000.0,6280685099.0,45.0,906693.0,0.0003977,0.0001097,0.0,0.0001078,0.0001078,0.002857,0.001534,2.861e-06,0.01033,0.03973,0.7813,0.0004732,0.0,0.0,0.0
254316000000.0,254317000000.0,6280685099.0,45.0,906693.0,0.0,0.0,0.0,0.0,0.0,0.0,0.0,2.861e-06,0.0,0.0,0.7813,0.0004732,0.0,0.0,0.0
254328000000.0,254340000000.0,6280685099.0,45.0,7712405.0,0.007523,0.001373,0.005821,0.0008029999999999999,0.001081,0.0031850000000000003,0.04492,0.0,0.03882,0.09583,,,0.0,0.0,0.01456
254340000000.0,254354000000.0,6280685099.0,45.0,7712405.0,0.00032230000000000003,0.0,0.0,0.0,0.0,0.0,0.002659,2.861e-06,0.004509,0.02579,,,0.0,0.0,0.0
254354000000.0,254355000000.0,6280685099.0,45.0,7712405.0,0.0,0.0,0.0,0.0,0.0,0.0,0.0,2.861e-06,0.0,0.0,,,0.0,0.0,0.0
254373000000.0,254381000000.0,6280685099.0,45.0,446225856.0,0.009201,0.001019,0.005806,0.0007553,0.0009575,0.0017530000000000002,0.03864,0.0,0.05951,0.057129999999999986,,,0.0,0.0,0.05951
254381000000.0,254400000000.0,6280685099.0,45.0,446225856.0,0.0008402000000000001,0.0,0.0,0.0,0.0,0.0,0.00338,2.861e-06,0.01596,0.03998,,,0.0,0.0,0.0
254400000000.0,254402000000.0,6280685099.0,45.0,446225856.0,0.0,0.0,0.0,0.0,0.0,0.0,0.0,2.861e-06,0.0,0.0,,,0.0,0.0,0.0
254416000000.0,254425000000.0,6280685099.0,45.0,682312.0,0.006111,0.0009165,0.005783,0.0005627000000000001,0.0007811,0.001814,0.0343,0.0,0.03357,0.05109,,,0.0,0.0,0.03357
254425000000.0,254438000000.0,6280685099.0,45.0,682312.0,0.002125,0.0,0.0,0.0,0.0,0.0,0.003906,2.861e-06,0.02765,0.01721,,,0.0,0.0,0.0
254438000000.0,254439000000.0,6280685099.0,45.0,682312.0,0.0,0.0,0.0,0.0,0.0,0.0,0.0,2.861e-06,0.0,0.0,,,0.0,0.0,0.0
254449000000.0,254462000000.0,6280685099.0,45.0,711573.0,0.007294,0.00141,0.005699,0.0006609,0.001053,0.003361,0.04077,0.0,0.035460000000000005,0.05469,,,0.0,0.0,0.016880000000000003
254462000000.0,254486000000.0,6280685099.0,45.0,711573.0,0.000288,0.000144,0.0,0.0001335,0.0001335,0.003468,0.001448,2.861e-06,0.006912000000000001,0.02164,,,0.0,0.0,0.0
254486000000.0,254488000000.0,6280685099.0,45.0,711573.0,0.0,0.0,0.0,0.0,0.0,0.0,0.0,2.861e-06,0.0,0.0,,,0.0,0.0,0.0
254501000000.0,254513000000.0,6280685099.0,45.0,1275448.0,0.007545,0.0011220000000000002,0.005806,0.0006857,0.0008907,0.0024530000000000003,0.03369,0.0,0.0625,0.05316,1.087,0.001537,0.0,0.0,0.0
254513000000.0,254529000000.0,6280685099.0,45.0,1275448.0,0.001026,0.0,0.0,0.0,0.0,0.0,0.003075,2.861e-06,0.01642,0.02856,1.087,0.001537,0.0,0.0,0.0
254529000000.0,254530000000.0,6280685099.0,45.0,1275448.0,0.0,0.0,0.0,0.0,0.0,0.0,0.0,2.861e-06,0.0,0.0,1.087,0.001537,0.0,0.0,0.0
254537000000.0,254547000000.0,6280685099.0,45.0,711987.0,0.008896,0.001326,0.005806,0.0007696000000000001,0.001057,0.003048,0.03839,0.0,0.056879999999999986,0.08997000000000001,,,0.0,0.0,0.0163
254547000000.0,254566000000.0,6280685099.0,45.0,711987.0,0.0004072,0.0,0.0,0.0,0.0,0.0,0.002716,2.861e-06,0.007744,0.03149,,,0.0,0.0,0.0
254566000000.0,254567000000.0,6280685099.0,45.0,711987.0,0.0,0.0,0.0,0.0,0.0,0.0,0.0,2.861e-06,0.0,0.0,,,0.0,0.0,0.0
254577000000.0,254586000000.0,6280685099.0,45.0,318418982.0,0.009903,0.001337,0.005821,0.0006914,0.001089,0.002827,0.04608,0.0,0.03986,0.06433,,,0.0,0.0,0.003609
254586000000.0,254601000000.0,6280685099.0,45.0,318418982.0,0.0005751,0.0,0.0,0.0,0.0,0.0,0.002605,2.861e-06,0.008636,0.01999,,,0.0,0.0,0.0
254601000000.0,254602000000.0,6280685099.0,45.0,318418982.0,0.0,0.0,0.0,0.0,0.0,0.0,0.0,2.861e-06,0.0,0.0,,,0.0,0.0,0.0
254614000000.0,254623000000.0,6280685099.0,45.0,6641417.0,0.00972,0.0016079999999999998,0.005797999999999999,0.0009327,0.001253,0.003418,0.04828,0.0,0.03314,0.07288,,,0.0,0.0,0.004868
254623000000.0,254641000000.0,6280685099.0,45.0,6641417.0,0.0003366,0.0,0.0,0.0,0.0,0.0,0.0006389999999999999,2.861e-06,0.006065,0.01151,1.575,0.001256,0.0,0.0,0.0
254641000000.0,254642000000.0,6280685099.0,45.0,6641417.0,0.0,0.0,0.0,0.0,0.0,0.0,0.0,2.861e-06,0.0,0.0,1.575,0.001256,0.0,0.0,0.0
254644000000.0,254646000000.0,6280685099.0,45.0,1270130.0,0.01285,0.0001717,0.005814,4.768e-06,1.144e-05,0.0001717,0.006966,0.0,0.034480000000000004,0.00885,,,0.0,0.0,0.034480000000000004
254646000000.0,254660000000.0,6280685099.0,45.0,1270130.0,0.003662,0.0,0.0,0.0,0.0,0.0,0.00489,2.861e-06,0.05127,0.03436,1.725,0.0001314,0.0,0.0,0.0
254660000000.0,254661000000.0,6280685099.0,45.0,1270130.0,0.0,0.0,0.0,0.0,0.0,0.0,0.0,2.861e-06,0.0,0.0,1.725,0.0001314,0.0,0.0,0.0
254672000000.0,254681000000.0,6280685099.0,45.0,711482.0,0.008987,0.001143,0.005821,0.0005846,0.0009155,0.00214,0.05011,0.0,0.03607,0.09595,,,0.0,0.0,0.01074
254681000000.0,254697000000.0,6280685099.0,45.0,711482.0,0.0007830000000000001,0.0,0.0,0.0,0.0,0.0,0.003223,2.861e-06,0.01253,0.014430000000000004,,,0.0,0.0,0.0
254697000000.0,254698000000.0,6280685099.0,45.0,711482.0,0.0,0.0,0.0,0.0,0.0,0.0,0.0,2.861e-06,0.0,0.0,,,0.0,0.0,0.0
254698000000.0,254700000000.0,6280685099.0,45.0,711482.0,0.0,0.0,0.0,0.0,0.0,0.0,0.0,2.861e-06,0.0,,,,0.0,0.0,0.0
